"Song","Performer"
"One Sweet Day","Mariah Carey & Boyz II Men"
"Candle In The Wind 1997/Something About The Way You Look Tonight","Elton John"
"3","Britney Spears"
"Born This Way","Lady Gaga"
"Part Of Me","Katy Perry"
"Shake It Off","Taylor Swift"
"Pillowtalk","Zayn"
"Can't Stop The Feeling!","Justin Timberlake"
"Shape Of You","Ed Sheeran"
"Thank U, Next","Ariana Grande"
"7 Rings","Ariana Grande"
"Sucker","Jonas Brothers"
"Always Be My Baby","Mariah Carey"
"Tha Crossroads","Bone Thugs-N-Harmony"
"4 Seasons Of Loneliness","Boyz II Men"
"Crush","David Archuleta"
"Party In The U.S.A.","Miley Cyrus"
"California Gurls","Katy Perry Featuring Snoop Dogg"
"Boyfriend","Justin Bieber"
"Sorry","Justin Bieber"
"Cold Water","Major Lazer Featuring Justin Bieber & MO"
"Rockstar","Post Malone Featuring 21 Savage"
"Psycho","Post Malone Featuring Ty Dolla $ign"
"Break Up With Your Girlfriend, I'm Bored","Ariana Grande"
"Senorita","Shawn Mendes & Camila Cabello"
"One Week","Barenaked Ladies"
"Circus","Britney Spears"
"Payphone","Maroon 5 Featuring Wiz Khalifa"
"Berzerk","Eminem"
"Problem","Ariana Grande Featuring Iggy Azalea"
"Sicko Mode","Travis Scott"
"10,000 Hours","Dan + Shay & Justin Bieber"
"One More Chance/Stay With Me","The Notorious B.I.G."
"Say You'll Be There","Spice Girls"
"Baby","Justin Bieber Featuring Ludacris"
"24K Magic","Bruno Mars"
"Don't Cry","Lil Wayne Featuring XXXTENTACION"
"Please Me","Cardi B & Bruno Mars"
"Runaway","Janet Jackson"
"2 Become 1","Spice Girls"
"Applause","Lady Gaga"
"Story Of My Life","One Direction"
"Bang Bang","Jessie J, Ariana Grande & Nicki Minaj"
"Paris","The Chainsmokers"
"Pray For Me","The Weeknd & Kendrick Lamar"
"Better Now","Post Malone"
"Bad Guy","Billie Eilish"
"Circles","Post Malone"
"Sunny Came Home","Shawn Colvin"
"Teenage Dream","Glee Cast"
"Sugar","Maroon 5"
"Change The World","Eric Clapton"
"So What","P!nk"
"Bad Romance","Lady Gaga"
"Take Care","Drake Featuring Rihanna"
"Starships","Nicki Minaj"
"Closer","The Chainsmokers Featuring Halsey"
"Say Something","Justin Timberlake Featuring Chris Stapleton"
"Sunflower (Spider-Man: Into The Spider-Verse)","Post Malone & Swae Lee"
"Come With Me","Puff Daddy Featuring Jimmy Page"
"Perfect","One Direction"
"Dangerous Woman","Ariana Grande"
"Real Love","The Beatles"
"Diggin' On You","TLC"
"Airplanes","B.o.B Featuring Hayley Williams"
"Scream & Shout","will.i.am & Britney Spears"
"Sex And Candy","Marcy Playground"
"Die Young","Ke$ha"
"That's The Way Love Goes","Janet Jackson"
"Save Tonight","Eagle-Eye Cherry"
"All For You","Janet"
"Photograph","J. Cole"
"Again","Janet Jackson"
"All My Life","K-Ci & JoJo"
"Sing","Ed Sheeran"
"Break Free","Ariana Grande Featuring Zedd"
"Diamonds","Rihanna"
"That's My Kind Of Night","Luke Bryan"
"Don't Tell 'Em","Jeremih Featuring YG"
"Don't Tell Me","Avril Lavigne"
"Run It!","Chris Brown"
"A Song For Mama","Boyz II Men"
"Blow Me (One Last Kiss)","P!nk"
"Call Me When You're Sober","Evanescence"
"Don't Forget About Us","Mariah Carey"
"Shake Ya Tailfeather","Nelly, P. Diddy & Murphy Lee"
"Shawty","Plies Featuring T-Pain"
"Bank Account","21 Savage"
"1979","The Smashing Pumpkins"
"Someday","Sugar Ray"
"Switch","Will Smith"
"Slam","Onyx"
"Pimpin' All Over The World","Ludacris Featuring Bobby Valentino"
"Return Of The Mack","Mark Morrison"
"Ride Wit Me","Nelly Featuring City Spud"
"Royals","Lorde"
"Dirt Off Your Shoulder","JAY-Z"
"Tell Me","Groove Theory"
"Butterfly","Crazy Town"
"Poker Face","Lady Gaga"
"Ayo Technology","50 Cent Featuring Justin Timberlake & Timbaland"
"Cry Me A River","Joe Cocker"
"Big Poppa/Warning","The Notorious B.I.G."
"Baby I Love Your Way (From ""Reality Bites"")","Big Mountain"
"Boom Clap","Charli XCX"
"As I Lay Me Down","Sophie B. Hawkins"
"Diary","Bread"
"Dance With Me","Debelah Morgan"
"Cake By The Ocean","DNCE"
"C'mon N' Ride It (The Train)","Quad City DJ's"
"Alright","Kris Kross Featuring Supercat"
"Dangerous","Busta Rhymes"
"Angel","Madonna"
"Always","Saliva"
"Somebody","Bryan Adams"
"Please Don't Go","No Mercy"
"Panini","Lil Nas X"
"Semi-Charmed Life","Third Eye Blind"
"...Baby One More Time","Britney Spears"
"Show Stopper","Danity Kane"
"Right Now (Na Na Na)","Akon"
"Beautiful","Eminem"
"Dark Horse","Katy Perry Featuring Juicy J"
"Sad!","XXXTENTACION"
"Stay","Post Malone"
"Building A Mystery","Sarah McLachlan"
"Disturbia","Rihanna"
"Blank Space","Taylor Swift"
"Ain't No Other Man","Christina Aguilera"
"DJ Got Us Fallin' In Love","Usher Featuring Pitbull"
"Anaconda","Nicki Minaj"
"Daydreamin'","Tatyana Ali"
"Show Me Love","Robyn"
"As Long As You Love Me","Justin Bieber Featuring Big Sean"
"One Dance","Drake Featuring WizKid & Kyla"
"Bottoms Up","Trey Songz Featuring Nicki Minaj"
"All Around The World","Justin Bieber Featuring Ludacris"
"Centuries","Fall Out Boy"
"Telephone","Glee Cast"
"Quit Playing Games (With My Heart)","Backstreet Boys"
"Dani California","Red Hot Chili Peppers"
"Can't Feel My Face","The Weeknd"
"Don't Let Go (Love)","En Vogue"
"Been Around The World","Puff Daddy & The Family (Feat. The Notorious B.I.G. & Mase)"
"Slide","Goo Goo Dolls"
"All I Have","Jennifer Lopez Featuring LL Cool J"
"Beverly Hills","Weezer"
"One Of Us","Joan Osborne"
"Because Of You","98 Degrees"
"Somebody That I Used To Know","Glee Cast"
"Beautiful People","Ed Sheeran Featuring Khalid"
"Do You Remember","Jay Sean Featuring Sean Paul & Lil Jon"
"Adia","Sarah McLachlan"
"Billionaire","Glee Cast"
"Shallow","Lady Gaga & Bradley Cooper"
"Because Of Love","Janet Jackson"
"Can't Believe It","T-Pain Featuring Lil Wayne"
"Rolling In The Deep","Glee Cast Featuring Jonathan Groff"
"Any Time, Any Place/And On And On","Janet Jackson"
"Secret","Madonna"
"Run Away","Real McCoy"
"Only Wanna Be With You","Hootie & The Blowfish"
"Dear Mama/Old School","2Pac"
"Believe","Mumford & Sons"
"Side To Side","Ariana Grande Featuring Nicki Minaj"
"Count On Me (From ""Waiting To Exhale"")","Whitney Houston & CeCe Winans"
"Can't Nobody Hold Me Down","Puff Daddy (Featuring Mase)"
"Counting Stars","OneRepublic"
"Ridin' Solo","Jason Derulo"
"Dancing With A Stranger","Sam Smith & Normani"
"679","Fetty Wap Featuring Remy Boyz"
"Black Or White","Michael Jackson"
"Rush Rush","Paula Abdul"
"Because You Loved Me (From ""Up Close & Personal"")","Celine Dion"
"Do You Know (What It Takes)","Robyn"
"BedRock","Young Money Featuring Lloyd"
"Raise Your Glass","Glee Cast"
"All 4 Love","Color Me Badd"
"Brokenhearted","Brandy"
"Radioactive","Kings Of Leon"
"Redbone","Childish Gambino"
"Someone Like You","Adele"
"Can't Hold Us","Macklemore & Ryan Lewis Featuring Ray Dalton"
"Dead And Gone","T.I. Featuring Justin Timberlake"
"S&M","Rihanna Featuring Britney Spears"
"Apologize","Timbaland Featuring OneRepublic"
"That's What I Like","Bruno Mars"
"Party Rock Anthem","LMFAO Featuring Lauren Bennett & GoonRock"
"Bad Things","Machine Gun Kelly x Camila Cabello"
"Stay With Me","Sam Smith"
"Beauty And A Beat","Justin Bieber Featuring Nicki Minaj"
"Don't Let Me Down","The Chainsmokers Featuring Daya"
"Black And Yellow","Wiz Khalifa"
"Pocketful Of Sunshine","Natasha Bedingfield"
"Sweet Nothing","Calvin Harris Featuring Florence Welch"
"Send My Love (To Your New Lover)","Adele"
"Blow","Ke$ha"
"Better In Time","Leona Lewis"
"Deja Vu [Uptown Baby]","Lord Tariq & Peter Gunz"
"23","Mike WiLL Made-It Featuring Miley Cyrus, Wiz Khalifa & Juicy J"
"Sexy Chick","David Guetta Featuring Akon"
"Show Me","Kid Ink Featuring Chris Brown"
"Slow Motion","Trey Songz"
"Congratulations","Post Malone Featuring Quavo"
"That Don't Impress Me Much","Shania Twain"
"Disco Inferno","The Trammps"
"Same Love","Macklemore & Ryan Lewis Featuring Mary Lambert"
"Dirty Little Secret","The All-American Rejects"
"Don't Trust Me","3OH!3"
"Don't Turn Around","Ace Of Base"
"Don't Wake Me Up","Chris Brown"
"Peaches & Cream","112"
"Return To Innocence","Enigma"
"Pieces Of Me","Ashlee Simpson"
"Bust It Baby Part 2","Plies Featuring Ne-Yo"
"Don't Cha","The Pussycat Dolls Featuring Busta Rhymes"
"Ridin'","Chamillionaire Featuring Krayzie Bone"
"Taste","Tyga Featuring Offset"
"Saving Forever For You (From ""Beverly Hills, 90210"")","Shanice"
"All Star","Smash Mouth"
"Summer","War"
"Before I Let You Go","BLACKstreet"
"Don't Stop The Music","Rihanna"
"Crazy","Patsy Cline"
"Anytime You Need A Friend","Mariah Carey"
"Body Bumpin' Yippie-Yi-Yo","Public Announcement"
"Bring Me To Life","Evanescence Featuring Paul McCoy"
"So Gone","Monica"
"Suge","DaBaby"
"Poison","Alice Cooper"
"Bring It All To Me","Blaque"
"Someone To Call My Lover","Janet"
"Breakaway","Kelly Clarkson"
"Replay","Iyaz"
"Carry Out","Timbaland Featuring Justin Timberlake"
"5 O'Clock","T-Pain Featuring Wiz Khalifa & Lily Allen"
"Only","Nicki Minaj Featuring Drake, Lil Wayne & Chris Brown"
"Shoulder Lean","Young Dro Featuring T.I."
"Before You Walk Out Of My Life/Like This And Like That","Monica"
"Comforter","Shai"
"Take You There","Sean Kingston"
"7","Prince And The New Power Generation"
"Right Thurr","Chingy"
"(Can't Live Without Your) Love And Affection","Nelson"
"Say Goodbye","Chris Brown"
"Stronger","Britney Spears"
"One More Night","Maroon 5"
"Clique","Kanye West, Jay-Z, Big Sean"
"Say My Name","Destiny's Child"
"Boulevard Of Broken Dreams","Green Day"
"Sweet Dreams","Tommy McLain"
"Bent","matchbox twenty"
"Tattoo","Jordin Sparks"
"Body Like A Back Road","Sam Hunt"
"Strong Enough","Sheryl Crow"
"Rather Be","Clean Bandit Featuring Jess Glynne"
"Cups (Pitch Perfect's When I'm Gone)","Anna Kendrick"
"Can't Fight The Moonlight","LeAnn Rimes"
"Summer Girls","LFO"
"Baby Baby","Corona"
"Bad Day","Fuel"
"Back At One","Mark Wills"
"Can't Let Go","Anthony Hamilton"
"Breathe","Michelle Branch"
"Diamonds And Pearls","The Paradons"
"Stitches","Shawn Mendes"
"Dazzey Duks","Duice"
"Despacito","Luis Fonsi & Daddy Yankee Featuring Justin Bieber"
"Burn","Jo Dee Messina"
"See You Again","Carrie Underwood"
"Pumped Up Kicks","Foster The People"
"Chasing Cars","Snow Patrol"
"Close To You","Fun Factory"
"Shut Up And Dance","WALK THE MOON"
"Demons","Imagine Dragons"
"Call Me Maybe","Carly Rae Jepsen"
"Red Light Special","TLC"
"One More Try","George Michael"
"Smells Like Teen Spirit!","Nirvana"
"All Cried Out","Allure Featuring 112"
"Starboy","The Weeknd Featuring Daft Punk"
"Soldier","Destiny's Child Featuring T.I. & Lil Wayne"
"Big Girls Don't Cry","Fergie"
"Bye Bye Bye","'N Sync"
"Team","Iggy Azalea"
"Strip That Down","Liam Payne Featuring Quavo"
"Survivor","Destiny's Child"
"Same Old Love","Selena Gomez"
"Believer","Imagine Dragons"
"Bed","Nicki Minaj Featuring Ariana Grande"
"Talk","Khalid"
"Take A Bow","Madonna"
"Promise","Ciara"
"Come & Get It","Selena Gomez"
"Better","Khalid"
"Cream","Prince And The N.P.G."
"Sittin' Up In My Room (From ""Waiting To Exhale"")","Brandy"
"A Holly Jolly Christmas","Burl Ives"
"Blowing Kisses In The Wind","Paula Abdul"
"Stroke You Up","Changing Faces"
"Crank That (Soulja Boy)","Soulja Boy Tell'em"
"Confessions Part II","Usher"
"Rub You The Right Way","Johnny Gill"
"She Ain't Worth It","Glenn Medeiros Featuring Bobby Brown"
"Can't Stop This Thing We Started","Bryan Adams"
"Set Adrift On Memory Bliss","P.M. Dawn"
"She Will Be Loved","Maroon 5"
"All Or Nothing","Milli Vanilli"
"Runaway Love","En Vogue Featuring FMOB"
"All For Love","Bryan Adams/Rod Stewart/Sting"
"Carnival","Natalie Merchant"
"Romantic","Karyn White"
"Sorry Not Sorry","Demi Lovato"
"All The Man That I Need","Whitney Houston"
"(Everything I Do) I Do It For You","Bryan Adams"
"Remember The Time","Michael Jackson"
"Sometimes Love Just Ain't Enough","Patty Smyth With Don Henley"
"Breathe Again","Toni Braxton"
"Candy Shop","50 Cent Featuring Olivia"
"Break Your Heart","Taio Cruz Featuring Ludacris"
"A Whole New World (Aladdin's Theme)","Peabo Bryson & Regina Belle"
"Oops (Oh My)","Tweet"
"Dilemma","Nelly Featuring Kelly Rowland"
"One Call Away","Chingy Featuring J. Weav"
"Right Here (Human Nature)/Downtown","SWV"
"Said I Loved You...But I Lied","Michael Bolton"
"Colors Of The Wind (From ""Pocahontas"")","Vanessa Williams"
"Paper Planes","M.I.A."
"Back & Forth","Aaliyah"
"'03 Bonnie & Clyde","Jay-Z Featuring Beyonce Knowles"
"Rock Wit U (Awww Baby)","Ashanti"
"Something Just Like This","The Chainsmokers & Coldplay"
"All I Wanna Do Is Make Love To You","Heart"
"Regulate (From ""Above The Rim"")","Warren G & Nate Dogg"
"Bitch","Meredith Brooks"
"All I Have To Give","Backstreet Boys"
"Come On Over Baby (All I Want Is You)","Christina Aguilera"
"Rock The Boat","Aaliyah"
"Baby Boy","Beyonce Featuring Sean Paul"
"Blaze Of Glory (From ""Young Guns II"")","Jon Bon Jovi"
"Do Anything","Natural Selection"
"Boombastic/In The Summertime","Shaggy"
"Since U Been Gone","Kelly Clarkson"
"(When You Gonna) Give It Up To Me","Sean Paul Featuring Keyshia Cole"
"Play","David Banner"
"So Sick","Ne-Yo"
"Splash Waterfalls","Ludacris"
"P.I.M.P.","50 Cent"
"Buttons","The Pussycat Dolls Featuring Snoop Dogg"
"Cradle Of Love (From ""Ford Fairlane"")","Billy Idol"
"Daylight","Maroon 5"
"Rich Girl","Gwen Stefani Featuring Eve"
"That's The Way It Is","Celine Dion"
"Runaway Train","Soul Asylum"
"All You Wanted","Michelle Branch"
"Bring Em Out","T.I."
"Shine","Collective Soul"
"Dance (A$$)","Big Sean Featuring Nicki Minaj"
"Someone To Love","Jon B. Featuring Babyface"
"Because The Night","10,000 Maniacs"
"Pony","Ginuwine"
"Case Of The Ex (Whatcha Gonna Do)","Mya"
"Coming Home","Diddy - Dirty Money Featuring Skylar Grey"
"Sexy Love","Ne-Yo"
"Stay Fly","Three 6 Mafia Featuring Young Buck & Eightball & MJG"
"Ran$om","Lil Tecca"
"One Wish","Ray J"
"Only You","112 Featuring The Notorious B.I.G."
"Absolutely (Story Of A Girl)","Nine Days"
"A Woman's Worth","Alicia Keys"
"Chandelier","Sia"
"Club Can't Handle Me","Flo Rida Featuring David Guetta"
"Steal My Sunshine","Len"
"Bounce Back","Big Sean"
"Back For Good","Take That"
"Thank You","Dido"
"Ain't It Fun","Paramore"
"Back Here","BBMak"
"Differences","Ginuwine"
"Suga Suga","Baby Bash Featuring Frankie J"
"Sugar, We're Goin' Down","Fall Out Boy"
"Angel Of Mine","Monica"
"Don't Walk Away","Jade"
"Don't Wanna Know","Maroon 5 Featuring Kendrick Lamar"
"Fantasy","Mariah Carey"
"Exhale (Shoop Shoop) (From ""Waiting To Exhale"")","Whitney Houston"
"I'll Be Missing You","Puff Daddy & Faith Evans Featuring 112"
"Honey","Mariah Carey"
"My Heart Will Go On","Celine Dion"
"I Don't Want To Miss A Thing","Aerosmith"
"Doo Wop (That Thing)","Lauryn Hill"
"I'm Your Angel","R. Kelly & Celine Dion"
"I Believe","Fantasia"
"Not Afraid","Eminem"
"Harlem Shake","Baauer"
"Hello","Adele"
"I'm The One","DJ Khaled Featuring Justin Bieber, Quavo, Chance The Rapper & Lil Wayne"
"God's Plan","Drake"
"Nice For What","Drake"
"Hypnotize","The Notorious B.I.G."
"My All","Mariah Carey"
"I Gotta Feeling","The Black Eyed Peas"
"Love The Way You Lie","Eminem Featuring Rihanna"
"Humble.","Kendrick Lamar"
"If I Can't Have You","Shawn Mendes"
"I Don't Care","Ed Sheeran & Justin Bieber"
"Gettin' Jiggy Wit It","Will Smith"
"Love Lockdown","Kanye West"
"Mine","Taylor Swift"
"I Knew You Were Trouble.","Taylor Swift"
"No Tears Left To Cry","Ariana Grande"
"Goodbyes","Post Malone Featuring Young Thug"
"Mo Money Mo Problems","The Notorious B.I.G. Featuring Puff Daddy & Mase"
"Heartless","Kanye West"
"Love Yourself","Justin Bieber"
"FEFE","6ix9ine Featuring Nicki Minaj & Murda Beatz"
"Girlfriend","Avril Lavigne"
"I Need A Doctor","Dr. Dre Featuring Eminem & Skylar Grey"
"How Deep Is Your Love","Dru Hill Featuring Redman"
"I Don't Wanna Live Forever (Fifty Shades Darker)","Zayn / Taylor Swift"
"Look Alive","BlocBoy JB Featuring Drake"
"In My Feelings","Drake"
"I Love It","Kanye West & Lil Pump"
"Going Bad","Meek Mill Featuring Drake"
"I Believe In You And Me (From ""The Preacher's Wife"")","Whitney Houston"
"I'll Be","Edwin McCain"
"Money In The Grave","Drake Featuring Rick Ross"
"Frozen","Madonna"
"Forever","Drake Featuring Kanye West, Lil Wayne & Eminem"
"Moves Like Jagger","Maroon 5 Featuring Christina Aguilera"
"Holy Grail","Jay Z Featuring Justin Timberlake"
"I Like It","Cardi B, Bad Bunny & J Balvin"
"For You I Will (From ""Space Jam"")","Monica"
"Nice & Slow","Usher"
"On The Floor","Jennifer Lopez Featuring Pitbull"
"Good For You","Selena Gomez Featuring A$AP Rocky"
"No Guidance","Chris Brown Featuring Drake"
"Get Back","The Beatles With Billy Preston"
"Gotta Be Somebody","Nickelback"
"Counting Blue Cars","Dishwalla"
"Ride","Ciara Featuring Ludacris"
"Best I Ever Had","Gary Allan"
"Cheap Thrills","Sia Featuring Sean Paul"
"Animal","Neon Trees"
"Second Chance","Shinedown"
"4 Minutes","Avant"
"Paralyzer","Finger Eleven"
"Don't Mess With My Man","Nivea Featuring Brian & Brandon Casey"
"1-800-273-8255","Logic Featuring Alessia Cara & Khalid"
"Animals","Martin Garrix"
"Baby Got Back","Sir Mix-A-Lot"
"Can't Help Falling In Love (From ""Sliver"")","UB40"
"Smooth","Santana Featuring Rob Thomas"
"Blurred Lines","Robin Thicke Featuring T.I. + Pharrell"
"Rude","MAGIC!"
"Sexy And I Know It","LMFAO"
"Cheerleader","OMI"
"Stay (I Missed You) (From ""Reality Bites"")","Lisa Loeb & Nine Stories"
"Always On Time","Ja Rule Featuring Ashanti"
"Check On It","Beyonce Featuring Slim Thug"
"All About That Bass","Meghan Trainor"
"Black Beatles","Rae Sremmurd Featuring Gucci Mane"
"Creep","TLC"
"Boom Boom Pow","The Black Eyed Peas"
"Bad And Boujee","Migos Featuring Lil Uzi Vert"
"Bodak Yellow (Money Moves)","Cardi B"
"1, 2 Step","Ciara Featuring Missy Elliott"
"Take Me To Church","Hozier"
"Ain't It Funny","Jennifer Lopez Featuring Ja Rule"
"Crazy In Love","Beyonce Featuring Jay Z"
"Temperature","Sean Paul"
"Bleeding Love","Leona Lewis"
"Panda","Desiigner"
"Doesn't Really Matter","Janet"
"Right Here, Right Now","Jesus Jones"
"Baby-Baby-Baby","TLC"
"Blame It","Jamie Foxx Featuring T-Pain"
"All That She Wants","Ace Of Base"
"Complicated","Avril Lavigne"
"Sukiyaki","A Taste Of Honey"
"Another Night","Real McCoy"
"Stand Up","Ludacris Featuring Shawnna"
"Buy U A Drank (Shawty Snappin')","T-Pain Featuring Yung Joc"
"Candy Rain","Soul For Real"
"7 Years","Lukas Graham"
"Rump Shaker","Wreckx-N-Effect"
"Day 'N' Nite","Kid Cudi"
"Talk Dirty","Jason Derulo Featuring 2 Chainz"
"Be Without You","Mary J. Blige"
"Single Ladies (Put A Ring On It)","Beyonce"
"Slow Jamz","Twista Featuring Kanye West & Jamie Foxx"
"SexyBack","Justin Timberlake"
"21 Questions","50 Cent Featuring Nate Dogg"
"Sunshine","Lil' Flip Featuring Lea"
"Smack That","Akon Featuring Eminem"
"Super Bass","Nicki Minaj"
"Stereo Hearts","Gym Class Heroes Featuring Adam Levine"
"Am I Wrong","Nico & Vinz"
"So Much In Love","All-4-One"
"Promiscuous","Nelly Furtado Featuring Timbaland"
"Black Widow","Iggy Azalea Featuring Rita Ora"
"Attention","Charlie Puth"
"A Thousand Miles","Vanessa Carlton"
"Be My Lover","La Bouche"
"Tell Me What You Want Me To Do","Tevin Campbell"
"Rhythm Is A Dancer","Snap!"
"One Last Breath","Creed"
"Dip It Low","Christina Milian"
"Domino","Jessie J"
"Broccoli","D.R.A.M. Featuring Lil Yachty"
"Bad At Love","Halsey"
"Picture","Kid Rock Featuring Sheryl Crow"
"Save The Best For Last","Vanessa Williams"
"All I Wanna Do","Sheryl Crow"
"Don't Take It Personal (Just One Of Dem Days)","Monica"
"Sexy Can I","Ray J & Yung Berg"
"Damn!","YoungBloodZ Featuring Lil Jon"
"Can You Feel The Love Tonight (From ""The Lion King"")","Elton John"
"Boo'd Up","Ella Mai"
"Clumsy","Fergie"
"Sending All My Love","Linear"
"Cooler Than Me","Mike Posner"
"Blurry","Puddle Of Mudd"
"Behind These Hazel Eyes","Kelly Clarkson"
"Bump N' Grind","R. Kelly"
"Safe And Sound","Capital Cities"
"Stutter","Joe Featuring Mystikal"
"Roar","Katy Perry"
"Don't Matter","Akon"
"Don't Phunk With My Heart","The Black Eyed Peas"
"Shoop","Salt-N-Pepa"
"Stickwitu","The Pussycat Dolls"
"Roses","The Chainsmokers Featuring Rozes"
"Snap Yo Fingers","Lil Jon Featuring E-40 & Sean Paul Of The YoungBloodZ"
"Cyclone","Baby Bash Featuring T-Pain"
"Caught Up","Usher"
"Step In The Name Of Love","R. Kelly"
"Say It Right","Nelly Furtado"
"Over And Over","Nelly Featuring Tim McGraw"
"Say It","Voices Of Theory"
"Run-Around","Blues Traveler"
"Be With You","Enrique Iglesias"
"Tears In Heaven","Eric Clapton"
"Soul Survivor","Young Jeezy Featuring Akon"
"Pop, Lock & Drop It","Huey"
"Another Sad Love Song","Toni Braxton"
"Please Forgive Me","Bryan Adams"
"Put It On Me","Ja Rule Featuring Lil' Mo & Vita"
"Cantaloop (Flip Fantasia)","US3"
"Only Time","Enya"
"Someone You Loved","Lewis Capaldi"
"Only Girl (In The World)","Rihanna"
"Pon de Replay","Rihanna"
"Can't Let You Go","Fabolous Featuring Mike Shorey & Lil' Mo"
"Achy Breaky Heart","Billy Ray Cyrus"
"A Milli","Lil Wayne"
"Say Aah","Trey Songz Featuring Fabolous"
"Roll To Me","Del Amitri"
"Scar Tissue","Red Hot Chili Peppers"
"Bump, Bump, Bump","B2K & P. Diddy"
"Suit & Tie","Justin Timberlake Featuring JAY Z"
"Show Me The Meaning Of Being Lonely","Backstreet Boys"
"Over My Head (Cable Car)","The Fray"
"Bulletproof","La Roux"
"Clarity","Zedd Featuring Foxes"
"Post To Be","Omarion Featuring Chris Brown & Jhene Aiko"
"Talking Body","Tove Lo"
"Breakfast At Tiffany's","Deep Blue Something"
"Starving","Hailee Steinfeld & Grey Featuring Zedd"
"Because I Love You (The Postman Song)","Stevie B"
"Party Like A Rockstar","Shop Boyz"
"Ain't 2 Proud 2 Beg","TLC"
"All The Small Things","Blink-182"
"Rack City","Tyga"
"Caroline","Amine"
"Scars To Your Beautiful","Alessia Cara"
"Slow Hands","Niall Horan"
"Cupid's Chokehold/Breakfast In America","Gym Class Heroes Featuring Patrick Stump"
"Bartender","T-Pain Featuring Akon"
"Paparazzi","Lady Gaga"
"Can We Talk","Tevin Campbell"
"(Hot S**t) Country Grammar","Nelly"
"Breakeven","The Script"
"Ditty","Paperboy"
"Dance, Dance","Fall Out Boy"
"Before He Cheats","Carrie Underwood"
"Da' Dip","Freak Nasty"
"Amazed","Lonestar"
"Sweet But Psycho","Ava Max"
"Anything","Jaheim Featuring Next"
"Come & Talk To Me","Jodeci"
"100% Pure Love","Crystal Waters"
"Bailando","Enrique Iglesias Featuring Descemer Bueno & Gente de Zona"
"Don't Let The Sun Go Down On Me","David Archuleta"
"Damaged","TLC"
"Don't Let Me Get Me","P!nk"
"Overnight Celebrity","Twista"
"Style","Taylor Swift"
"2 Legit 2 Quit","M.C. Hammer"
"Rock Your Body","Justin Timberlake"
"Some Nights","fun."
"Bailamos","Enrique Iglesias"
"Started From The Bottom","Drake"
"Don't Mind","Kent Jones"
"Rockin' Around The Christmas Tree","Brenda Lee"
"Sensitivity","Ralph Tresvant"
"Can't Get You Out Of My Head","Kylie Minogue"
"Rude Boy","Rihanna"
"Stronger (What Doesn't Kill You)","Kelly Clarkson"
"Streets Of Philadelphia (From ""Philadelphia"")","Bruce Springsteen"
"Bad Blood","Neil Sedaka"
"She's Playing Hard To Get","Hi-Five"
"Ordinary World","Duran Duran"
"Blue (Da Ba Dee)","Eiffel 65"
"Oops!...I Did It Again","Britney Spears"
"1, 2, 3, 4 (Sumpin' New)","Coolio"
"At Your Best (You Are Love)","Aaliyah"
"Air Force Ones","Nelly Featuring Kyjuan, Ali & Murphy Lee"
"Something To Believe In","Poison"
"Scream","Usher"
"Addictive","Truth Hurts Featuring Rakim"
"Pompeii","Bastille"
"Right Round","Flo Rida"
"Do Me!","Bell Biv DeVoe"
"Run This Town","Jay-Z, Rihanna & Kanye West"
"Best Day Of My Life","American Authors"
"Birthday Sex","Jeremih"
"Cruise","Florida Georgia Line Featuring Nelly"
"Alejandro","Lady Gaga"
"Summertime Sadness","Lana Del Rey & Cedric Gervais"
"Barely Breathing","Duncan Sheik"
"Rake It Up","Yo Gotti Featuring Nicki Minaj"
"All Falls Down","Kanye West Featuring Syleena Johnson"
"Sensual Seduction","Snoop Dogg"
"Come Undone","Duran Duran"
"Stir Fry","Migos"
"Say You Won't Let Go","James Arthur"
"Shortie Like Mine","Bow Wow Featuring Chris Brown & Johnta Austin"
"Bills, Bills, Bills","Destiny's Child"
"Damn I Wish I Was Your Lover","Sophie B. Hawkins"
"808","Blaque"
"Summer Love","Justin Timberlake"
"Bed Of Roses","Bon Jovi"
"A Bay Bay","Hurricane Chris"
"Home","Phillip Phillips"
"Fake Love","BTS"
"Ironic","Alanis Morissette"
"Obsessed","Mariah Carey"
"Look At Me Now","Chris Brown Featuring Lil Wayne & Busta Rhymes"
"No","Meghan Trainor"
"Just A Dream","Jimmy Clanton And His Rockets"
"Follow You Down/Til I Hear It From You","Gin Blossoms"
"Lullaby","Shawn Mullins"
"Heart Attack","Demi Lovato"
"Drunk In Love","Beyonce Featuring Jay Z"
"Let Me Love You","DJ Snake Featuring Justin Bieber"
"I'll Be There","Mariah Carey"
"My Way","Usher"
"Never Ever","All Saints"
"How Low","Ludacris"
"Headlines","Drake"
"On Bended Knee","Boyz II Men"
"Good Life","Kanye West Featuring T-Pain"
"Leavin'","Jesse McCartney"
"OMG","Usher Featuring will.i.am"
"Maps","Maroon 5"
"Heathens","twenty one pilots"
"MotorSport","Migos, Nicki Minaj & Cardi B"
"In The Still Of The Nite (From ""The Jacksons"")","Boyz II Men"
"Have You Ever?","Brandy"
"Maria Maria","Santana Featuring The Product G&B"
"I'm Still In Love With You","New Edition"
"MMMBop","Hanson"
"Jumper","Third Eye Blind"
"Love Story","Taylor Swift"
"Lighters","Bad Meets Evil Featuring Bruno Mars"
"I Can't Sleep Baby (If I)","R. Kelly"
"Just Lose It","Eminem"
"Good Time","Owl City & Carly Rae Jepsen"
"Gone","Kanye West Featuring Cam'ron & Consequence"
"Love.","Kendrick Lamar Featuring Zacari"
"Every Time I Close My Eyes","Babyface"
"I Don't Want To Wait","Paula Cole"
"Get Lucky","Daft Punk Featuring Pharrell Williams"
"Make It Hot","Nicole Featuring Missy ""Misdemeanor"" Elliott & Mocha"
"Love Like This","Faith Evans"
"Empire State Of Mind","Glee Cast"
"Hold On, We're Going Home","Drake Featuring Majid Jordan"
"Him & I","G-Eazy & Halsey"
"Higher","DJ Khaled Featuring Nipsey Hussle & John Legend"
"Name","Goo Goo Dolls"
"Down Low (Nobody Has To Know)","R. Kelly Featuring Ronald Isley"
"Gone Till November","Wyclef Jean"
"On My Mind","Ellie Goulding"
"Memories","Maroon 5"
"Landslide","Glee Cast Featuring Gwyneth Paltrow"
"Everybody [Backstreet's Back]","Backstreet Boys"
"Hands","Jewel"
"Mirrors","Justin Timberlake"
"I Want You Back","'N Sync"
"I Believe I Can Fly (From ""Space Jam"")","R. Kelly"
"My Body","LSG"
"Dynamite","Taio Cruz"
"My Songs Know What You Did In The Dark (Light Em Up)","Fall Out Boy"
"Middle Child","J. Cole"
"I Can Love You Like That","All-4-One"
"It's All Coming Back To Me Now","Celine Dion"
"Gangsta's Paradise (From ""Dangerous Minds"")","Coolio Featuring L.V."
"G.H.E.T.T.O.U.T.","Changing Faces"
"It Will Rain","Bruno Mars"
"Drip Too Hard","Lil Baby & Gunna"
"Feel So Good","Mase"
"My Boo","Usher And Alicia Keys"
"Fire Burning","Sean Kingston"
"Hey, Soul Sister","Glee Cast"
"Hey Lover","LL Cool J"
"Lose My Breath","Destiny's Child"
"I'll Make Love To You","Boyz II Men"
"I Want You","Savage Garden"
"Gives You Hell","Glee Cast"
"Jaded","Drake"
"Find Your Love","Drake"
"Firework","Glee Cast"
"Locked Out Of Heaven","Bruno Mars"
"Emotions","Mariah Carey"
"I'll Remember (From ""With Honors"")","Madonna"
"Finesse","Bruno Mars & Cardi B"
"It's Your Love","Tim McGraw With Faith Hill"
"How's It Going To Be","Third Eye Blind"
"Lately","Divine"
"Hot Boyz","Missy ""Misdemeanor"" Elliott Featuring NAS, EVE & Q-Tip"
"Lovers And Friends","Lil Jon & The East Side Boyz Featuring Usher & Ludacris"
"Escapade","Janet Jackson"
"Nobody","Keith Sweat Featuring Athena Cage"
"Hard To Say I'm Sorry","Az Yet Featuring Peter Cetera"
"Love Me","Justin Bieber"
"Girl On Fire","Alicia Keys Featuring Nicki Minaj"
"Natural","Imagine Dragons"
"Mercy","Kanye West, Big Sean, Pusha T, 2 Chainz"
"In My Head","Ariana Grande"
"Masterpiece","Atlantic Starr"
"Humpin' Around","Bobby Brown"
"I Wish","Stevie Wonder"
"November Rain","Guns N' Roses"
"I Will Always Love You","Whitney Houston"
"Dreamlover","Mariah Carey"
"Mr. Brightside","The Killers"
"Just The Way You Are","Glee Cast"
"Music","Madonna"
"I'm Your Baby Tonight","Whitney Houston"
"Freak Me","Silk"
"I Have Nothing","Whitney Houston"
"E.T.","Katy Perry Featuring Kanye West"
"Just Like Fire","P!nk"
"Down","Fifth Harmony Featuring Gucci Mane"
"Lose Yourself","Eminem"
"Love Lies","Khalid & Normani"
"If It Makes You Happy","Sheryl Crow"
"Hero","Enrique Iglesias"
"No Hands","Waka Flocka Flame Featuring Roscoe Dash & Wale"
"Love Me Like You Do","Ellie Goulding"
"I Still Love You","Next"
"Love Don't Cost A Thing","Jennifer Lopez"
"Let's Ride","The Game"
"Don't","Ed Sheeran"
"Jump","Van Halen"
"How Do You Talk To An Angel","The Heights"
"No Diggity","BLACKstreet (Featuring Dr. Dre)"
"I Feel It Coming","The Weeknd Featuring Daft Punk"
"It's The Most Wonderful Time Of The Year","Andy Williams"
"Love Somebody","Rick Springfield"
"Hot In Herre","Nelly"
"Earned It (Fifty Shades Of Grey)","The Weeknd"
"Mask Off","Future"
"Family Affair","Sly & The Family Stone"
"I Don't Wanna Cry","Mariah Carey"
"I Turn To You","Christina Aguilera"
"My Sacrifice","Creed"
"Hey Ma","Cam'Ron Featuring Juelz Santana, Freekey Zekey & Toya"
"Imma Be","The Black Eyed Peas"
"Happy","Leona Lewis"
"Drive","The Cars"
"Good Enough","Bobby Brown"
"Drop It Like It's Hot","Snoop Dogg Featuring Pharrell"
"My Life Would Suck Without You","Glee Cast"
"Hey Baby (Drop It To The Floor)","Pitbull Featuring T-Pain"
"Heaven","Bryan Adams"
"Nobody's Supposed To Be Here","Deborah Cox"
"If You're Gone","matchbox twenty"
"Lean Back","Terror Squad"
"Jumpman","Drake & Future"
"Every Heartbeat","Amy Grant"
"End Of The Road (From ""Boomerang"")","Boyz II Men"
"Mr. Wendal","Arrested Development"
"Just Another Day","John Mellencamp"
"Excuse Me Miss","JAY-Z"
"I Know","Post Malone"
"If I Ever Fall In Love","Shai"
"If You Go","Jon Secada"
"Freak Like Me","Adina Howard"
"Livin' La Vida Loca","Ricky Martin"
"FourFiveSeconds","Rihanna & Kanye West & Paul McCartney"
"Money","Cardi B"
"My Love","Lionel Richie"
"Looking Through Patient Eyes","P.M. Dawn"
"Ms. Jackson","OutKast"
"I Need A Girl (Part Two)","P. Diddy & Ginuwine Featuring Loon, Mario Winans & Tammy Ruggeri"
"Miss You","Aaliyah"
"Incomplete","Backstreet Boys"
"Eastside","Benny Blanco, Halsey & Khalid"
"Jingle Bell Rock","Bobby Helms"
"If","Janet Jackson"
"Now And Forever","Richard Marx"
"It Wasn't Me","Shaggy Featuring Ricardo ""RikRok"" Ducent"
"I Know What You Want","Busta Rhymes & Mariah Carey Featuring The Flipmode Squad"
"Hey Ya!","OutKast"
"Juju On That Beat (TZ Anthem)","Zay Hilfigerrr & Zayion McCall"
"Jealous","DJ Khaled Featuring Chris Brown, Lil Wayne & Big Sean"
"Love Song","The Cure"
"If Wishes Came True","Sweet Sensation"
"If You Love Me","Mint Condition"
"I Just Wanna Love U (Give It 2 Me)","JAY-Z"
"Not Gon' Cry (From ""Waiting To Exhale"")","Mary J. Blige"
"Kissin' You","Total"
"Izzo (H.O.V.A.)","JAY-Z"
"Life Is A Highway","Rascal Flatts"
"Happier","Ed Sheeran"
"God's Country","Blake Shelton"
"I Adore Mi Amor","Color Me Badd"
"Give Me One Reason","Tracy Chapman"
"Heartbreaker","Mariah Carey Featuring Jay-Z"
"Give Me Everything","Pitbull Featuring Ne-Yo, Afrojack & Nayer"
"Drive By","Train"
"Hold On","En Vogue"
"I'd Die Without You (From ""Boomerang"")","P.M. Dawn"
"I Wanna Be Down","Brandy"
"Foolish Games/You Were Meant For Me","Jewel"
"Genie In A Bottle","Christina Aguilera"
"Just Like A Pill","P!nk"
"Gangsta Lovin'","Eve Featuring Alicia Keys"
"Miss Independent","Kelly Clarkson"
"Never Leave You - Uh Ooh, Uh Oooh!","Lumidee"
"Meant To Be","Bebe Rexha & Florida Georgia Line"
"Never Be The Same","Camila Cabello"
"Impulsive","Wilson Phillips"
"I Got 5 On It","Luniz"
"Hey Baby","No Doubt Featuring Bounty Killer"
"On Fire","Lil Wayne"
"Stressed Out","twenty one pilots"
"Set Fire To The Rain","Adele"
"All Of Me","John Legend"
"All I Want For Christmas Is You","Mariah Carey"
"Bubbly","Colbie Caillat"
"The Best Things In Life Are Free","Luther Vandross And Janet Jackson With BBD And Ralph Tresvant"
"The Boy Is Mine","Brandy & Monica"
"Nothing Compares 2 U","Sinead O'Connor"
"Motownphilly","Boyz II Men"
"Live And Learn","Joe Public"
"Mambo No. 5 (A Little Bit Of...)","Lou Bega"
"He Wasn't Man Enough","Toni Braxton"
"I'm With You","Avril Lavigne"
"Obsession (No Es Amor)","Frankie J Featuring Baby Bash"
"Like You","Bow Wow Featuring Ciara"
"Hotel Room Service","Pitbull"
"Listen To Your Heart","Roxette"
"How Do U Want It/California Love","2Pac Featuring K-Ci And JoJo"
"Last Night (From ""The Nutty Professor"")","Az Yet"
"No, No, No","Destiny's Child"
"It's My Life","Bon Jovi"
"Here Without You","3 Doors Down"
"If I Ain't Got You","Alicia Keys"
"Gangnam Style","PSY"
"Let It Go","Demi Lovato"
"Funkdafied","Da Brat"
"In My Bed","Dru Hill"
"Get Ur Freak On","Missy ""Misdemeanor"" Elliott"
"No Such Thing","John Mayer"
"How We Do","The Game Featuring 50 Cent"
"It's Not Over","Daughtry"
"Knock You Down","Keri Hilson Featuring Kanye West & Ne-Yo"
"No Air","Glee Cast"
"Not A Bad Thing","Justin Timberlake"
"I'm Every Woman (From ""The Bodyguard"")","Whitney Houston"
"I'm Ready","Tevin Campbell"
"Have You Ever Really Loved A Woman?","Bryan Adams"
"Every Little Thing I Do","Soul For Real"
"I'm Real","Jennifer Lopez Featuring Ja Rule"
"Numb","Linkin Park"
"I Know You Want Me (Calle Ocho)","Pitbull"
"I Kissed A Girl","Glee Cast"
"Habits (Stay High)","Tove Lo"
"Hotline Bling","Drake"
"It Must Have Been Love (From ""Pretty Woman"")","Roxette"
"I'm Too Sexy","Right Said Fred"
"Mouth","Merril Bainbridge"
"No Scrubs","TLC"
"It Feels So Good","Sonique"
"Like I Love You","Justin Timberlake"
"Jenny From The Block","Jennifer Lopez Featuring Styles & Jadakiss"
"Mesmerize","Ja Rule Featuring Ashanti"
"In Da Club","50 Cent"
"Into You","Fabolous Featuring Tamia Or Ashanti"
"Hey Mama","The Black Eyed Peas"
"Last Friday Night (T.G.I.F.)","Katy Perry"
"Down On Me","Jeremih Featuring 50 Cent"
"Last Night","Mar-Keys"
"I'd Do Anything For Love (But I Won't Do That)","Meat Loaf"
"Getto Jam","Domino"
"I'll Be There For You/You're All I Need To Get By","Method Man Featuring Mary J. Blige"
"I Try","Macy Gray"
"Naughty Girl","Beyonce"
"Jesus Walks","Kanye West"
"Don't You Worry Child","Swedish House Mafia Featuring John Martin"
"Good For Me","Amy Grant"
"My Love Is The Shhh!","Somethin' For The People Featuring Trina & Tamara"
"I Wanna Love You Forever","Jessica Simpson"
"Fill Me In","Craig David"
"Get The Party Started","P!nk"
"I'm Gonna Be Alright","Jennifer Lopez Featuring Nas"
"My Place","Nelly Featuring Jaheim"
"How To Love","Lil Wayne"
"I'm Not The Only One","Sam Smith"
"Macarena (Bayside Boys Mix)","Los Del Rio"
"Everything You Want","Vertical Horizon"
"Lady Marmalade","Christina Aguilera, Lil' Kim, Mya & P!nk"
"My Immortal","Evanescence"
"My Happy Ending","Avril Lavigne"
"Give Your Heart A Break","Demi Lovato"
"I Don't F**k With You","Big Sean Featuring E-40"
"Mi Gente","J Balvin & Willy William Featuring Beyonce"
"I Knew I Loved You","Savage Garden"
"No One","Alicia Keys"
"Kiss Me Thru The Phone","Soulja Boy Tell 'em Featuring Sammie"
"Last Kiss","Taylor Swift"
"Ice Ice Baby","Vanilla Ice"
"I Swear","All-4-One"
"I Want It That Way","Backstreet Boys"
"Follow Me","Uncle Kracker"
"In Those Jeans","Ginuwine"
"I Don't Wanna Know","Mario Winans Featuring Enya & P. Diddy"
"Let's Go","Trick Daddy Featuring Lil Jon & Twista"
"Far Away","Nickelback"
"Need You Now","Glee Cast"
"Get Low","Waka Flocka Flame Featuring Nicki Minaj, Tyga & Flo Rida"
"Love Takes Time","Mariah Carey"
"How You Gonna Act Like That","Tyrese"
"Holidae In","Chingy Featuring Ludacris & Snoop Dogg"
"Move Ya Body","Nina Sky Featuring Jabba"
"I Don't Want To Be","Gavin DeGraw"
"I Wanna Go","Britney Spears"
"F**kin Problems","A$AP Rocky Featuring Drake, 2 Chainz & Kendrick Lamar"
"Gonna Make You Sweat (Everybody Dance Now)","C+C Music Factory"
"Make It Happen","Mariah Carey"
"Jumpin', Jumpin'","Destiny's Child"
"I Need A Girl (Part One)","P. Diddy Featuring Usher & Loon"
"Down 4 U","Irv Gotti Presents The Inc. Featuring Ja Rule, Ashanti, Charli Baltimore & Vita"
"Low","Kelly Clarkson"
"Mockingbird","Eminem"
"Feel Good Inc","Gorillaz"
"Everybody Talks","Neon Trees"
"Lucid Dreams","Juice WRLD"
"From A Distance","Bette Midler"
"Fantastic Voyage","Coolio"
"Every Morning","Sugar Ray"
"How You Remind Me","Nickelback"
"Gossip Folks","Missy ""Misdemeanor"" Elliott Featuring Ludacris"
"Drift Away","Uncle Kracker Featuring Dobie Gray"
"Magic Stick","Lil' Kim Featuring 50 Cent"
"I Like That","Houston Featuring Chingy, Nate Dogg & I-20"
"Oh","Ciara Featuring Ludacris"
"Meet Me Halfway","The Black Eyed Peas"
"Ni**as in Paris","Jay Z Kanye West"
"Gangsta Lean","DRS"
"I Don't Ever Want To See You Again","Uncle Sam"
"No More","Ruff Endz"
"Hanging By A Moment","Lifehouse"
"Just Dance","Lady Gaga Featuring Colby O'Donis"
"Good Girls Go Bad","Cobra Starship Featuring Leighton Meester"
"It's So Hard To Say Goodbye To Yesterday","Boyz II Men"
"My Lovin' (You're Never Gonna Get It)","En Vogue"
"If I Had No Loot","Tony Toni Tone"
"Gin And Juice","Snoop Doggy Dogg"
"Invisible Man","98 Degrees"
"Here We Go","Funkmaster Flex Presents Khadejia Featuring Product"
"I Need To Know","Marc Anthony"
"Drops Of Jupiter (Tell Me)","Train"
"Oh Boy","Cam'Ron Featuring Juelz Santana"
"Lips Of An Angel","Jack Ingram"
"Hands To Myself","Selena Gomez"
"Most Girls","Hailee Steinfeld"
"Issues","Meek Mill"
"Fortunate","Maxwell"
"Independent Women Part I","Destiny's Child"
"Livin' It Up","Ja Rule Featuring Case"
"In The End","Linkin Park"
"Foolish","Ashanti"
"Me, Myself And I","Beyonce"
"Lonely No More","Rob Thomas"
"I'm On One","DJ Khaled Featuring Drake, Rick Ross & Lil Wayne"
"Informer","Snow"
"Hey Mr. D.J.","Zhane"
"Nobody Knows","The Tony Rich Project"
"I Belong To You (Every Time I See Your Face)","Rome"
"It's Been Awhile","Staind"
"Fergalicious","Fergie"
"Hey There Delilah","Plain White T's"
"Love Me Harder","Ariana Grande & The Weeknd"
"I Took A Pill In Ibiza","Mike Posner"
"If You Asked Me To","Celine Dion"
"Let Me Blow Ya Mind","Eve Featuring Gwen Stefani"
"Live Your Life","T.I. Featuring Rihanna"
"Hard","Rihanna Featuring Jeezy"
"Fight Song","Rachel Platten"
"No Limit","Usher Featuring Young Thug"
"iSpy","KYLE Featuring Lil Yachty"
"Let It Rock","Chuck Berry"
"More Than Words","Extreme"
"If You Had My Love","Jennifer Lopez"
"My Love Is Your Love","Whitney Houston"
"Kryptonite","3 Doors Down"
"Nothin'","N.O.R.E."
"Grenade","Bruno Mars"
"I Cry","Flo Rida"
"It's Goin' Down","Descendants 2 Cast"
"Gucci Gang","Lil Pump"
"Fireflies","Fleetwood Mac"
"It's Gonna Be Me","'N Sync"
"Get Busy","Sean Paul"
"Hotel","Cassidy Featuring R. Kelly"
"Hollaback Girl","Gwen Stefani"
"Moment 4 Life","Nicki Minaj Featuring Drake"
"Good Feeling","Flo Rida"
"Mo Bamba","Sheck Wes"
"I'm Yours","Elvis Presley"
"Give It To Me","The Mob"
"I Don't Wanna Fight (From ""What's Love Got To Do With It"")","Tina Turner"
"Hit 'Em Up Style (Oops!)","Blu Cantrell"
"Love In This Club","Usher Featuring Young Jeezy"
"Me, Myself & I","G-Eazy x Bebe Rexha"
"Never Forget You","Zara Larsson & MNEK"
"Love On The Brain","Rihanna"
"Old Town Road","Lil Nas X Featuring Billy Ray Cyrus"
"Heartbreak Hotel","The Jacksons"
"Hold You Tight","Tara Kemp"
"Hip Hop Hooray","Naughty By Nature"
"Grillz","Nelly Featuring Paul Wall, Ali & Gipp"
"Hips Don't Lie","Shakira Featuring Wyclef Jean"
"London Bridge","Fergie"
"Makes Me Wonder","Maroon 5"
"Hold My Hand","Michael Jackson Duet With Akon"
"Just Give Me A Reason","P!nk Featuring Nate Ruess"
"G.D.F.R.","Flo Rida Featuring Sage The Gemini & Lookas"
"I Don't Mind","James Brown And The Famous Flames"
"O.P.P.","Naughty By Nature"
"Gotta Tell You","Samantha Mumba"
"Hate It Or Love It","The Game Featuring 50 Cent"
"My Humps","The Black Eyed Peas"
"Lollipop","Lil Wayne Featuring Static Major"
"Lights","Ellie Goulding"
"Glad You Came","The Wanted"
"Locked Away","R. City Featuring Adam Levine"
"Fallin'","Connie Francis"
"Finally","T.G. Sheppard"
"I Don't Have The Heart","James Ingram"
"Have I Told You Lately","Rod Stewart"
"Never Lie","Immature"
"Lose Control","Missy Elliott Featuring Ciara & Fat Man Scoop"
"Everytime We Touch","Cascada"
"Mrs. Officer","Lil Wayne Featuring Bobby Valentino & Kidd Kidd"
"F**kin' Perfect","P!nk"
"I'm The Only One","Glee Cast"
"Kiss From A Rose","Seal"
"Loungin","LL Cool J"
"It's Not Right But It's Okay","Whitney Houston"
"Just A Lil Bit","50 Cent"
"I'm N Luv (Wit A Stripper)","T-Pain Featuring Mike Jones"
"Ms. New Booty","Bubba Sparxxx Featuring Ying Yang Twins & Mr. ColliPark"
"Irreplaceable","Beyonce"
"Let You Down","NF"
"I Wanna Sex You Up (From ""New Jack City"")","Color Me Badd"
"Just A Friend 2002","Mario"
"Move B***h","Ludacris Featuring Mystikal & Infamous 2.0"
"Get It Poppin'","Fat Joe Featuring Nelly"
"Hot N Cold","Katy Perry"
"Fancy","Iggy Azalea Featuring Charli XCX"
"Halo","Jordan Smith"
"High Enough","Damn Yankees"
"Love Will Never Do (Without You)","Janet Jackson"
"How Do I Live","LeAnn Rimes"
"Frontin'","Pharrell Featuring Jay-Z"
"Nothin' On You","B.o.B Featuring Bruno Mars"
"Feel It Still","Portugal. The Man"
"I Like The Way (The Kissing Game)","Hi-Five"
"I'm Gonna Be (500 Miles)","The Proclaimers"
"Just Kickin' It","Xscape"
"Let Her Cry","Hootie & The Blowfish"
"Kiss Me","Sixpence None The Richer"
"Lonely","Akon"
"Feel So Close","Calvin Harris"
"Ho Hey","The Lumineers"
"New Rules","Dua Lipa"
"Knockin' Da Boots","H-Town"
"Linger","The Cranberries"
"Mmm Mmm Mmm Mmm","Crash Test Dummies"
"Lean Wit It, Rock Wit It","Dem Franchize Boyz Featuring Lil Peanut & Charlay"
"Let Me Love You (Until You Learn To Love Yourself)","Glee Cast"
"Needed Me","Rihanna"
"Love Is (From ""Beverly Hills, 90210"")","Vanessa Williams/Brian McKnight"
"I'll Never Get Over You (Getting Over Me)","Expose"
"Get It On Tonite","Montell Jordan"
"Ignition","R. Kelly"
"Grind With Me","Pretty Ricky"
"Gold Digger","Kanye West Featuring Jamie Foxx"
"Like A G6","Far*East Movement Featuring Cataracs & Dev"
"Just Can't Get Enough","The Black Eyed Peas"
"I Wanna Be Rich","Calloway"
"I Love Your Smile","Shanice"
"He's Mine","MoKenStef"
"Luv U Better","LL Cool J"
"Let Me Hold You","Bow Wow Featuring Omarion"
"How To Save A Life","The Fray"
"How Far We've Come","matchbox twenty"
"Like You'll Never See Me Again","Alicia Keys"
"Lips Are Movin","Meghan Trainor"
"I Hate U I Love U","gnash Featuring Olivia O'Brien"
"It Ain't Me","Kygo x Selena Gomez"
"I'm So Into You","SWV"
"Missing","Everything But The Girl"
"I Wanna Know","Joe"
"Love Of My Life (An Ode To Hip Hop)","Erykah Badu Featuring Common"
"Goodies","Ciara Featuring Petey Pablo"
"Me & U","Cassie"
"Here","Rascal Flatts"
"Girls Like You","Maroon 5 Featuring Cardi B"
"Giving Him Something He Can Feel","En Vogue"
"Nuthin' But A ""G"" Thang","Dr. Dre"
"I Love You Always Forever","Donna Lewis"
"Havana","Kenny G"
"Milkshake","Kelis"
"I Wanna Love You","Akon Featuring Snoop Dogg"
"Let Her Go","Passenger"
"Like I'm Gonna Lose You","Meghan Trainor Featuring John Legend"
"The Climb","Miley Cyrus"
"The Edge Of Glory","Lady Gaga"
"The First Cut Is The Deepest","Rod Stewart"
"The First Night","Monica"
"The First Time","Surface"
"The Freshmen","The Verve Pipe"
"The Game Of Love","Santana Featuring Michelle Branch"
"The Git Up","Blanco Brown"
"The Heart Wants What It Wants","Selena Gomez"
"The Hills","The Weeknd"
"The Lazy Song","Bruno Mars"
"The Man","Aloe Blacc"
"The Middle","Jimmy Eat World"
"The Monster","Eminem Featuring Rihanna"
"The Most Beautiful Girl In The World","Prince"
"The Motto","Drake Featuring Lil Wayne"
"The One I Gave My Heart To","Aaliyah"
"The One That Got Away","Jake Owen"
"The One","Backstreet Boys"
"The Power Of Love","Celine Dion"
"The Power","Snap!"
"The Real Slim Shady","Eminem"
"The Reason","Hoobastank"
"The River Of Dreams","Billy Joel"
"The Show Goes On","Lupe Fiasco"
"The Sign","Ace Of Base"
"The Sweet Escape","Gwen Stefani Featuring Akon"
"The Time (Dirty Bit)","The Black Eyed Peas"
"The Way I Are","Timbaland Featuring Keri Hilson"
"The Way You Do The Things You Do","Rita Coolidge"
"The Way You Love Me","Faith Hill"
"The Way You Move","OutKast Featuring Sleepy Brown"
"The Way","Ariana Grande Featuring Mac Miller"
"Then The Morning Comes","Smash Mouth"
"There It Go! (The Whistle Song)","Juelz Santana"
"There You Go","Edwin Starr"
"There's Nothing Holdin' Me Back","Shawn Mendes"
"Thinking Out Loud","Ed Sheeran"
"This Ain't A Scene, It's An Arms Race","Fall Out Boy"
"This D.J.","Warren G"
"This I Promise You","'N Sync"
"This Is How We Do It","Montell Jordan"
"This Is What You Came For","Calvin Harris Featuring Rihanna"
"This Is Why I'm Hot","Mims"
"This Kiss","Carly Rae Jepsen"
"This Love","Bad Company"
"This Used To Be My Playground","Madonna"
"Thnks Fr Th Mmrs","Fall Out Boy"
"Thong Song","Sisqo"
"Thrift Shop","Macklemore & Ryan Lewis Featuring Wanz"
"Thunder","Boys Like Girls"
"Till The World Ends","Britney Spears Featuring Nicki Minaj & Ke$ha"
"Timber","Pitbull Featuring Ke$ha"
"Keep Their Heads Ringin' (From ""Friday"")","Dr. Dre"
"Insensitive (From ""Bed Of Roses"")","Jann Arden"
"Money Maker","Ludacris Featuring Pharrell"
"Make Me Better","Fabolous Featuring Ne-Yo"
"LoveGame","Lady Gaga"
"F**k You! (Forget You)","Cee Lo Green"
"Hot Boy","Bobby Shmurda"
"Honey, I'm Good.","Andy Grammer"
"Ex's & Oh's","Elle King"
"My House","Flo Rida"
"Hey Look Ma, I Made It","Panic! At The Disco"
"Love Is On The Way","Saigon Kick"
"Dre Day","Dr. Dre"
"Here Comes The Hotstepper (From ""Ready To Wear"")","Ini Kamoze"
"Gimme The Light","Sean Paul"
"Locked Up","Akon Featuring Styles P."
"It Ends Tonight","The All-American Rejects"
"Mad","Ne-Yo"
"High Hopes","Frank Sinatra ""and a bunch of kids"""
"Jump Around","House Of Pain"
"Laffy Taffy","D4L"
"I Write Sins Not Tragedies","Panic! At The Disco"
"Glamorous","Fergie Featuring Ludacris"
"Hate That I Love You","Rihanna Featuring Ne-Yo"
"He Loves U Not","Dream"
"Freek-A-Leek","Petey Pablo"
"Leave (Get Out)","JoJo"
"Independent","Webbie Featuring Lil' Phat & Lil' Boosie"
"Feel This Moment","Pitbull Featuring Christina Aguilera"
"I'm Sprung","T-Pain"
"Kiss Kiss","Chris Brown Featuring T-Pain"
"If I Were A Boy","Beyonce"
"Latch","Disclosure Featuring Sam Smith"
"Lean On","Major Lazer & DJ Snake Featuring MO"
"In The Night","The Weeknd"
"ME!","Taylor Swift Featuring Brendon Urie"
"Womanizer","Britney Spears"
"TiK ToK","Ke$ha"
"Wonderful","Adam Ant"
"Work From Home","Fifth Harmony Featuring Ty Dolla $ign"
"Work It","Missy ""Misdemeanor"" Elliott"
"Work Out","J. Cole"
"Work","A$AP Ferg"
"Worth It","Fifth Harmony Featuring Kid Ink"
"Wow.","Post Malone"
"Wrecking Ball","Miley Cyrus"
"XO TOUR Llif3","Lil Uzi Vert"
"Yeah!","Usher Featuring Lil Jon & Ludacris"
"Yes Indeed","Lil Baby & Drake"
"Yo (Excuse Me Miss)","Chris Brown"
"You And I","Eddie Rabbitt With Crystal Gayle"
"You And Me","Alice Cooper"
"You Are Not Alone","Michael Jackson"
"You Belong With Me","Taylor Swift"
"You Don't Know My Name","Alicia Keys"
"You Found Me","The Fray"
"You Gotta Be","Des'ree"
"You Learn/You Oughta Know","Alanis Morissette"
"You Make Me Feel...","Cobra Starship Featuring Sabi"
"You Make Me Wanna...","Usher"
"You Mean The World To Me","David Houston"
"You Need To Calm Down","Taylor Swift"
"You Sang To Me","Marc Anthony"
"You Want This/70's Love Groove","Janet Jackson"
"You'll See","Madonna"
"You're Beautiful","James Blunt"
"You're In Love","Ratt"
"You're Makin' Me High/Let It Flow","Toni Braxton"
"You're Still The One","Shania Twain"
"You're The One","Guerilla Black Featuring Mario Winans"
"You","Bonnie Raitt"
"Young Forever","Jay-Z + Mr. Hudson"
"Young, Wild & Free","Snoop Dogg & Wiz Khalifa Featuring Bruno Mars"
"Youngblood","5 Seconds Of Summer"
"What's It Gonna Be?!","Busta Rhymes Featuring Janet"
"What's Luv?","Fat Joe Featuring Ashanti"
"What's My Name?","Rihanna Featuring Drake"
"Whatcha Say","Jason Derulo"
"Whatever You Like","Anya Marina"
"Whatta Man","Salt-N-Pepa Featuring En Vogue"
"When A Man Loves A Woman","Bette Midler"
"When Can I See You","Babyface"
"When I Grow Up","NF"
"When I Was Your Man","Bruno Mars"
"When I'm Gone","3 Doors Down"
"When The Lights Go Out","Five"
"When You Love A Woman","Journey"
"Whenever, Wherever","Shakira"
"Where Are U Now","Skrillex & Diplo With Justin Bieber"
"Where Do You Go","Cher"
"Where Have All The Cowboys Gone?","Paula Cole"
"Where Have You Been","Rihanna"
"Where Is The Love?","The Black Eyed Peas"
"Where My Girls At?","702"
"Where The Party At","Jagged Edge With Nelly"
"Where'd You Go","Fort Minor Featuring Holly Brook"
"Wherever You Will Go","The Calling"
"Whistle","Flo Rida"
"Who Knew","P!nk"
"Who Will Save Your Soul","Jewel"
"Whoomp! (There It Is)","Tag Team"
"Whoot, There It Is","95 South"
"Why Don't You & I","Santana Featuring Alex Band Or Chad Kroeger"
"Why I Love You So Much/Ain't Nobody","Monica"
"Wide Awake","Katy Perry"
"Wiggle","Jason Derulo Featuring Snoop Dogg"
"Wild Night","John Mellencamp With Me'Shell Ndegeocello"
"Wild Ones","Flo Rida Featuring Sia"
"Wild Thoughts","DJ Khaled Featuring Rihanna & Bryson Tiller"
"Wild Wild West","Will Smith Featuring Dru Hill & Kool Mo Dee"
"Wildest Dreams","Taylor Swift"
"Wishing On A Star","The Cover Girls"
"With Arms Wide Open","Creed"
"With You","Chris Brown"
"Without Me","Eminem"
"Without You/Never Forget You","Mariah Carey"
"Without You","David Bowie"
"Your Body's Callin'","R. Kelly"
"Your Love Is My Drug","Ke$ha"
"ZEZE","Kodak Black Featuring Travis Scott & Offset"
"Time After Time","Chris Montez"
"Time Of Our Lives","Pitbull & Ne-Yo"
"Tipsy","J-Kwon"
"Titanium","David Guetta Featuring Sia"
"To Be With You","Mr. Big"
"Together Again","Bobby Sherman"
"Tom's Diner","DNA Featuring Suzanne Vega"
"Tonight (I'm Lovin' You)","Enrique Iglesias Featuring Ludacris & DJ Frank E"
"Tonight Tonight","Bill Champlin"
"Too Close","Alex Clare"
"Too Good At Goodbyes","Sam Smith"
"Too Good","Drake Featuring Rihanna"
"Too Little Too Late","Barenaked Ladies"
"Tootsee Roll","69 Boyz"
"Total Eclipse Of The Heart","Bonnie Tyler"
"Touch It","Busta Rhymes"
"Touch My Body","Mariah Carey"
"Toxic","Britney Spears"
"Trampoline","SHAED"
"Trap Queen","Fetty Wap"
"Treasure","Bruno Mars"
"Treat You Better","Shawn Mendes"
"Trippin'","Total Featuring Missy Elliott"
"Truly Madly Deeply","Savage Garden"
"Truth Hurts","Lizzo"
"Try Again","Aaliyah"
"Try","Colbie Caillat"
"Tubthumping","Chucklebutt"
"Turn Down For What","DJ Snake & Lil Jon"
"Turn Me On","David Guetta Featuring Nicki Minaj"
"Turn Off The Light","Nelly Furtado"
"Turn The Beat Around (From ""The Specialist"")","Gloria Estefan"
"Twisted","Gorilla Zoe Featuring Lil Jon"
"Two Princes","Spin Doctors"
"U + Ur Hand","P!nk"
"U Don't Have To Call","Usher"
"U Got It Bad","Usher"
"U Know What's Up","Donell Jones"
"U Remind Me","Usher"
"Umbrella","Rihanna Featuring Jay-Z"
"Un-Break My Heart","Toni Braxton"
"Unbelievable","Diamond Rio"
"Under The Bridge","Red Hot Chili Peppers"
"Underneath It All","No Doubt Featuring Lady Saw"
"Unfaithful","Rihanna"
"Unforgettable","Dinah Washington"
"Unpredictable","Jamie Foxx Featuring Ludacris"
"Unpretty","TLC"
"Unskinny Bop","Poison"
"Unwell","matchbox twenty"
"Unwritten","Natasha Bedingfield"
"Uptown Funk!","Mark Ronson Featuring Bruno Mars"
"Use Somebody","Kings Of Leon"
"Vision Of Love","Mariah Carey"
"Viva La Vida","Coldplay"
"Vogue","Madonna"
"Waiting For Tonight","Jennifer Lopez"
"Wake Me Up When September Ends","Green Day"
"Wake Me Up!","Avicii"
"Wake Up In The Sky","Gucci Mane X Bruno Mars X Kodak Black"
"Waking Up In Vegas","Katy Perry"
"Walk It Out","Unk"
"Walk It Talk It","Migos Featuring Drake"
"Walked Outta Heaven","Jagged Edge"
"Wannabe","Spice Girls"
"Want To Want Me","Jason Derulo"
"Watch Me","Bella Thorne & Zendaya"
"Water Runs Dry","Boyz II Men"
"Waterfalls","TLC"
"We Are Never Ever Getting Back Together","Taylor Swift"
"We Are Young","fun. Featuring Janelle Monae"
"We Be Burnin'","Sean Paul"
"We Belong Together","Gavin DeGraw"
"We Can't Stop","Miley Cyrus"
"We Fly High","Jim Jones"
"We Found Love","Glee Cast"
"We R Who We R","Ke$ha"
"Weak","AJR"
"What A Girl Wants","Christina Aguilera"
"What About Your Friends","TLC"
"What Do You Mean?","Justin Bieber"
"What Goes Around...Comes Around","Justin Timberlake"
"What Is Love","Haddaway"
"What Lovers Do","Maroon 5 Featuring SZA"
"What Makes You Beautiful","One Direction"
"What Would You Do?","City High"
"What You Know","T.I."
"What You Want","DMX Featuring Sisqo"
